distance x [m],distance y [m],distance z [m],angle x [rad],angle y [rad],angle z [rad]
0.0448294173,0.0347446033,2.1556240446,3.1069025993,-1.0840379000,0.0307348687
0.0452367703,0.0347376089,2.1548689610,3.1297159195,1.1536695957,-0.0356973931
0.0452367703,0.0347376089,2.1548689610,3.1297159195,1.1536695957,-0.0356973931
0.0452367703,0.0347376089,2.1548689610,3.1297159195,1.1536695957,-0.0356973931
0.0452367703,0.0347376089,2.1548689610,3.1297159195,1.1536695957,-0.0356973931
0.0452367703,0.0347376089,2.1548689610,3.1297159195,1.1536695957,-0.0356973931
0.0452367703,0.0347376089,2.1548689610,3.1297159195,1.1536695957,-0.0356973931
