distance x [m],distance y [m],distance z [m],angle x [rad],angle y [rad],angle z [rad]
0.0153964683,-0.0320014060,4.7502942827,3.0374782085,-1.0208321810,0.0679861605
0.0109720234,-0.0334603087,4.6638676000,3.0848608017,-1.0803045034,0.0294456482
0.0153964683,-0.0320014060,4.7502942827,3.0374782085,-1.0208321810,0.0679861605
0.0153964683,-0.0320014060,4.7502942827,3.0374782085,-1.0208321810,0.0679861605
