distance x [m],distance y [m],distance z [m],angle x [rad],angle y [rad],angle z [rad]
0.0031488028,-0.0334502270,4.6668738265,3.1012141705,1.1952677965,-0.0375590213
0.0031488028,-0.0334502270,4.6668738265,3.1012141705,1.1952677965,-0.0375590213
0.0050997464,-0.0334152023,4.6527220379,3.0381274223,1.1305083036,-0.0321814604
0.0050997464,-0.0334152023,4.6527220379,3.0381274223,1.1305083036,-0.0321814604
0.0031488028,-0.0334502270,4.6668738265,3.1012141705,1.1952677965,-0.0375590213
0.0049692118,-0.0347012542,4.5505607620,2.9892144203,1.1399030685,-0.0783733353
0.0050997464,-0.0334152023,4.6527220379,3.0381274223,1.1305083036,-0.0321814604
