distance x [m],distance y [m],distance z [m],angle x [rad],angle y [rad],angle z [rad]
0.0038769093,-0.0131677661,5.7103012497,-3.1384432316,0.7263361216,0.0020880825
0.0054807360,-0.0125711781,5.4492644768,-3.1384108067,-0.7734290361,-0.0022243343
