distance x [m],distance y [m],distance z [m],angle x [rad],angle y [rad],angle z [rad]
-0.0333092891,0.2623692071,3.2255043040,3.0434775352,0.6306302547,-0.0591142140
-0.0333092891,0.2623692071,3.2255043040,3.0434775352,0.6306302547,-0.0591142140
-0.0333092891,0.2623692071,3.2255043040,3.0434775352,0.6306302547,-0.0591142140
-0.0333092891,0.2623692071,3.2255043040,3.0434775352,0.6306302547,-0.0591142140
-0.0333092891,0.2623692071,3.2255043040,3.0434775352,0.6306302547,-0.0591142140
