distance x [m],distance y [m],distance z [m],angle x [rad],angle y [rad],angle z [rad]
0.4554573585,-0.7841369289,2.4217733925,1.3943940401,-0.0580385923,-3.0481088161
