distance x [m],distance y [m],distance z [m],x anlge [rad],y angle [rad],z angle [rad]
1.1404909058,-0.4163452315,3.9442065308,-2.2099950314,-0.4816234708,-0.5505281687
