distance x [m],distance y [m],distance z [m],angle x [rad],angle y [rad],angle z [rad]
0.0126356409,-0.0311286334,0.5138079080,2.9613323212,1.1157846451,-0.1472694129
0.0141421820,-0.0301127113,0.5252135744,2.9261984825,1.1230736971,-0.1818572879
0.0131043893,-0.0307135513,0.5169478184,2.9335508347,1.1153845787,-0.1611541659
0.0126356409,-0.0311286334,0.5138079080,2.9613323212,1.1157846451,-0.1472694129
0.0124237406,-0.0311032849,0.5139786540,2.9634084702,1.1177816391,-0.1483107656
0.0136103965,-0.0304261374,0.5257045069,2.9291696548,1.1166099310,-0.1744321436
0.0137295848,-0.0308110726,0.5234805997,2.9301419258,1.1167044640,-0.1708856374
0.0139712581,-0.0305120891,0.5227845898,2.9249012470,1.1199635267,-0.1779066026
