distance x [m],distance y [m],distance z [m],angle x [rad],angle y [rad],angle z [rad]
-0.0460882881,0.2763714915,4.1954267235,2.9682648182,1.1230826378,-0.1379059255
-0.0460882881,0.2763714915,4.1954267235,2.9682648182,1.1230826378,-0.1379059255
-0.0460882881,0.2763714915,4.1954267235,2.9682648182,1.1230826378,-0.1379059255
-0.0460882881,0.2763714915,4.1954267235,2.9682648182,1.1230826378,-0.1379059255
-0.0460882881,0.2763714915,4.1954267235,2.9682648182,1.1230826378,-0.1379059255
-0.0460882881,0.2763714915,4.1954267235,2.9682648182,1.1230826378,-0.1379059255
-0.0460882881,0.2763714915,4.1954267235,2.9682648182,1.1230826378,-0.1379059255
-0.0460882881,0.2763714915,4.1954267235,2.9682648182,1.1230826378,-0.1379059255
-0.0460882881,0.2763714915,4.1954267235,2.9682648182,1.1230826378,-0.1379059255
