distance x [m],distance y [m],distance z [m],angle x [rad],angle y [rad],angle z [rad]
0.0764738678,0.4871760956,6.4473222416,3.0590136051,-0.4381851256,0.0357022062
0.0787314257,0.4851388224,6.4197299830,-3.1361203194,0.5721120834,-0.0475263298
