distance x [m],distance y [m],distance z [m],angle x [rad],angle y [rad],angle z [rad]
0.0535642888,0.4060126464,5.3734619934,3.0422527790,-0.7103629112,0.0653520748
0.0535642888,0.4060126464,5.3734619934,3.0422527790,-0.7103629112,0.0653520748
0.0535642888,0.4060126464,5.3734619934,3.0422527790,-0.7103629112,0.0653520748
0.0553433469,0.4052820078,5.3641798992,2.9739198685,0.7926384211,-0.0771595910
0.0535642888,0.4060126464,5.3734619934,3.0422527790,-0.7103629112,0.0653520748
0.0535642888,0.4060126464,5.3734619934,3.0422527790,-0.7103629112,0.0653520748
0.0553433469,0.4052820078,5.3641798992,2.9739198685,0.7926384211,-0.0771595910
0.0535642888,0.4060126464,5.3734619934,3.0422527790,-0.7103629112,0.0653520748
