distance x [m],distance y [m],distance z [m],angle x [rad],angle y [rad],angle z [rad]
0.0251472987,0.2504990196,4.1110743316,-3.0366280079,0.3829684258,0.0384230502
