distance x [m],distance y [m],distance z [m],angle x [rad],angle y [rad],angle z [rad]
0.0322851181,-0.0650625120,1.6271610337,-3.0579650402,1.0663752556,0.0724323317
0.0322851181,-0.0650625120,1.6271610337,-3.0579650402,1.0663752556,0.0724323317
0.0322851181,-0.0650625120,1.6271610337,-3.0579650402,1.0663752556,0.0724323317
0.0322851181,-0.0650625120,1.6271610337,-3.0579650402,1.0663752556,0.0724323317
0.0322851181,-0.0650625120,1.6271610337,-3.0579650402,1.0663752556,0.0724323317
