distance x [m],distance y [m],distance z [m],angle x [rad],angle y [rad],angle z [rad]
0.0493329051,-0.1198070912,2.1696745066,-3.0989696980,-1.0035384893,-0.0862030834
0.0493329051,-0.1198070912,2.1696745066,-3.0989696980,-1.0035384893,-0.0862030834
0.0504002719,-0.1219615604,2.1719336657,-3.1091017723,-1.0239198208,-0.0281331372
0.0493329051,-0.1198070912,2.1696745066,-3.0989696980,-1.0035384893,-0.0862030834
0.0504002719,-0.1219615604,2.1719336657,-3.1091017723,-1.0239198208,-0.0281331372
0.0504002719,-0.1219615604,2.1719336657,-3.1091017723,-1.0239198208,-0.0281331372
0.0504002719,-0.1219615604,2.1719336657,-3.1091017723,-1.0239198208,-0.0281331372
0.0484230313,-0.1222076228,2.1759923276,-3.0738191605,-1.0208077431,-0.0919421837
0.0494033371,-0.1199481727,2.1728783739,-3.0595157146,-1.0026158094,-0.0871347338
